{
  "onnx": {
    "acc": 0.9603365384615384,
    "ms_per_img": 5.4590297675951245
  },
  "fp32": {
    "acc": 0.9607371794871795,
    "ms_per_img": 5.748700520855028
  },
  "fp16": {
    "acc": 0.9607371794871795,
    "ms_per_img": 5.837638461507129
  },
  "int8": {
    "acc": 0.8830128205128205,
    "ms_per_img": 24.48328958323542
  },
  "int8_mixed": {
    "acc": 0.1282051282051282,
    "ms_per_img": 6.720754567374033
  }
}