{
  "onnx": {
    "acc": 0.8598205383848455,
    "ms_per_img": 1.2928509671085051
  },
  "fp32": {
    "acc": 0.8598205383848455,
    "ms_per_img": 2.24323270188743
  },
  "fp16": {
    "acc": 0.8604187437686939,
    "ms_per_img": 2.3111591226554076
  },
  "int8": {
    "acc": 0.8604187437686939,
    "ms_per_img": 11.051533379845493
  }
}