{
  "onnx": {
    "acc": 0.8837487537387837,
    "ms_per_img": 39.23894791628939
  },
  "fp32": {
    "acc": 0.8837487537387837,
    "ms_per_img": 5.551157407750443
  },
  "fp16": {
    "acc": 0.8837487537387837,
    "ms_per_img": 4.361468295131254
  },
  "int8": {
    "acc": 0.8811565304087737,
    "ms_per_img": 158.9061430707882
  }
}