{
  "onnx": {
    "acc": 0.8092948717948718,
    "ms_per_img": 49.991810096145905
  },
  "fp32": {
    "acc": 0.8056891025641025,
    "ms_per_img": 14.732875761206415
  },
  "fp16": {
    "acc": 0.8056891025641025,
    "ms_per_img": 14.47029246794092
  },
  "int8": {
    "acc": 0.8040865384615384,
    "ms_per_img": 12.45004387018502
  },
  "int8_mixed": {
    "acc": 0.7672275641025641,
    "ms_per_img": 5.131821634607219
  }
}