{
  "onnx": {
    "acc": 0.8791625124626121,
    "ms_per_img": 1.9108737587226798
  },
  "fp32": {
    "acc": 0.8791625124626121,
    "ms_per_img": 4.074212482546345
  },
  "fp16": {
    "acc": 0.8791625124626121,
    "ms_per_img": 3.986004007987656
  },
  "int8": {
    "acc": 0.8795613160518445,
    "ms_per_img": 55.5562466600258
  }
}