{
  "onnx": {
    "acc": 0.8885343968095712,
    "ms_per_img": 1.9773477766893113
  },
  "fp32": {
    "acc": 0.8885343968095712,
    "ms_per_img": 4.007737308086925
  },
  "fp16": {
    "acc": 0.888135593220339,
    "ms_per_img": 4.0149064207633405
  },
  "int8": {
    "acc": 0.888135593220339,
    "ms_per_img": 55.29677844467059
  }
}