{
  "onnx": {
    "acc": 0.8823529411764706,
    "ms_per_img": 1.314939162531424
  },
  "fp32": {
    "acc": 0.8799601196410768,
    "ms_per_img": 2.2776042074076495
  },
  "fp16": {
    "acc": 0.8799601196410768,
    "ms_per_img": 2.2696132203406196
  },
  "int8": {
    "acc": 0.6213359920239282,
    "ms_per_img": 10.775911365937468
  }
}