{
  "onnx": {
    "acc": 0.8586241276171486,
    "ms_per_img": 1.5956555533567343
  },
  "fp32": {
    "acc": 0.8586241276171486,
    "ms_per_img": 1.93574574278298
  },
  "fp16": {
    "acc": 0.8586241276171486,
    "ms_per_img": 1.948007856424181
  },
  "int8": {
    "acc": 0.8568295114656032,
    "ms_per_img": 15.478869511468236
  }
}